"","date1","X.x","botswana_time_start","ID","activity_x","activity_z","activity_y","lux","tempMaun","hour","movement_distance","lon","lat","temp","meanDist","sumDist","active","perc_na","diff","date","moon_fraction","dist1","sum24_dist","temp_lag24","max_temp24","status","month","season","X.y","rain","seasonal_year","rain_cumulative","time_fc","hour_p","hour_fc","date_fc","hourX","hourY","hourRad","radTimestamp","sunTime","max_temp24Sc","status2","fitted.fit","fitted.se.fit","fitted2","CIymin","CIymax"
"1",2012-04-05,10459,2012-04-05 19:16:00,"Priya",14.30000,10.05000, 10.75000,  0.618320000,24.50000,19,  13.091580,778540.3,7837843,19.311296,  1.0909650,  13.091580, 0,0,1,"2012-04-05",0.9541174, 499.272500, 7955.6841,20.901655,33.94950,"a_inactive", 4,"dry",679,0,2011,511.0,"(2012.26164238009)",0.79166667,"(0.791666666666667)","(2012.25956284153)", 2.588190e-01,-9.659258e-01,4.9741884,5.04400154,4.94002906,-2,"a_inactive",0.49165959,0.05886672,0.49165959,0.37628083,0.6070384
"2",2012-04-05,10460,2012-04-05 20:16:00,"Priya", 5.60000, 4.60000,  5.05000,  0.680873100,23.25000,20,   3.307466,778544.6,7837846,17.834956,  0.2756222,   3.307466, 0,0,1,"2012-04-05",0.9541174,  13.091580, 7918.9669,18.090799,33.94950,"a_inactive", 4,"dry",679,0,2011,511.0,"(2012.26175622344)",0.83333333,"(0.833333333333333)","(2012.25956284153)", 5.000000e-01,-8.660254e-01,5.2359878,5.30580093,5.19790615,-2,"a_inactive",0.35649773,0.05287963,0.35649773,0.25285365,0.4601418
"3",2012-04-05,10449,2012-04-05 09:16:00,"Priya",54.11111,53.04444, 67.57778, 78.427090000,24.55556, 9, 305.444600,779218.2,7837975,22.172687, 25.4537200, 305.444600, 5,0,1,"2012-04-05",0.9541174, 344.739300, 4039.0390,22.825292,32.90599,"a_inactive", 4,"dry",679,0,2011,511.0,"(2012.26050394657)",0.37500000,"(0.375)","(2012.25956284153)",-7.071068e-01, 7.071068e-01,2.3561945,2.42600766,2.28863241,-2,"b_active",0.79157469,0.03850777,0.79157469,0.71609946,0.8670499
"4",2012-04-05,10447,2012-04-05 07:16:00,"Priya",70.03636,66.05455, 91.74546, 21.549370000,16.12727, 7, 501.330100,779519.0,7838426,18.299142, 41.7775100, 501.330100,12,0,1,"2012-04-05",0.9541174,1540.572000, 3395.6494,20.166951,32.90599,"b_active", 4,"dry",679,0,2011,511.0,"(2012.26027625987)",0.29166667,"(0.291666666666667)","(2012.25956284153)",-2.588190e-01, 9.659258e-01,1.8325957,1.90240888,1.75694673,-2,"b_active",0.73659475,0.04332172,0.73659475,0.65168418,0.8215053
"5",2012-04-05,10456,2012-04-05 16:16:00,"Priya",43.84848,39.72727, 58.03030, 41.851590000,30.00000,16, 227.900700,778286.2,7837961,31.243567, 18.9917200, 227.900700, 1,0,1,"2012-04-05",0.9541174, 977.646500, 7728.4208,30.217385,33.94950,"a_inactive", 4,"dry",679,0,2011,511.0,"(2012.26130085003)",0.66666667,"(0.666666666666667)","(2012.25956284153)",-5.000000e-01,-8.660254e-01,4.1887902,4.25860337,4.14953227,-2,"b_active",0.67824817,0.05164168,0.67824817,0.57703048,0.7794659
"6",2012-04-05,10455,2012-04-05 15:16:00,"Priya",79.23529,76.30882,107.41177, 60.249260000,30.00000,15, 977.646500,777441.4,7837788,33.103907, 81.4705400, 977.646500,12,0,1,"2012-04-05",0.9541174, 956.680200, 7512.7408,31.809119,33.94950,"b_active", 4,"dry",679,0,2011,511.0,"(2012.26118700668)",0.62500000,"(0.625)","(2012.25956284153)",-7.071068e-01,-7.071068e-01,3.9269908,3.99680399,3.88368944,-2,"b_active",0.69540541,0.05216217,0.69540541,0.59316755,0.7976433
"7",2012-04-05,10458,2012-04-05 18:16:00,"Priya",86.71014,85.59420,108.07246,  0.742331900,27.13043,18, 499.272500,778506.0,7837747,25.687499, 41.6060400, 499.272500, 6,0,1,"2012-04-05",0.9541174, 492.787700, 8453.8322,24.297879,33.94950,"b_active", 4,"dry",679,0,2011,511.0,"(2012.26152853673)",0.75000000,"(0.75)","(2012.25956284153)",-1.836910e-16,-1.000000e+00,4.7123890,4.78220215,4.68121795,-2,"b_active",0.58966539,0.05662288,0.58966539,0.47868454,0.7006462
"8",2012-04-05,10453,2012-04-05 13:16:00,"Priya",46.15217,45.04348, 55.10870, 99.674810000,29.89130,13, 240.882700,778026.1,7837649,33.694530, 20.0735600, 240.882700, 6,0,1,"2012-04-05",0.9541174, 367.661900, 5994.3267,32.905990,33.69453,"b_active", 4,"dry",679,0,2011,511.0,"(2012.26095931998)",0.54166667,"(0.541666666666667)","(2012.25956284153)",-9.659258e-01,-2.588190e-01,3.4033920,3.47320521,3.35200376,-2,"b_active",0.73352062,0.04771649,0.73352062,0.63999630,0.8270449
"9",2012-04-05,10450,2012-04-05 10:16:00,"Priya",82.28814,81.27119,115.10170, 96.058290000,26.86441,10, 772.942000,778910.8,7838071,25.665371, 64.4118300, 772.942000,12,0,1,"2012-04-05",0.9541174, 305.444600, 4777.4086,24.154463,32.90599,"b_active", 4,"dry",679,0,2011,511.0,"(2012.26061778992)",0.41666667,"(0.416666666666667)","(2012.25956284153)",-8.660254e-01, 5.000000e-01,2.6179939,2.68780705,2.55447525,-2,"b_active",0.79143357,0.03869547,0.79143357,0.71559046,0.8672767
"10",2012-04-05,10448,2012-04-05 08:16:00,"Priya",52.22222,47.35556, 60.46667, 48.457700000,18.77778, 8, 344.739300,779306.9,7838071,19.713144, 28.7282800, 344.739300, 2,0,1,"2012-04-05",0.9541174, 501.330100, 3740.3887,21.365375,32.90599,"a_inactive", 4,"dry",679,0,2011,511.0,"(2012.26039010322)",0.33333333,"(0.333333333333333)","(2012.25956284153)",-5.000000e-01, 8.660254e-01,2.0943951,2.16420827,2.02278957,-2,"b_active",0.77529701,0.03954870,0.77529701,0.69778155,0.8528125
"11",2012-04-05,10461,2012-04-05 21:16:00,"Priya",24.44444,19.77778, 22.70370,  0.714041200,22.18519,21,   1.643387,778545.4,7837846,16.899098,  0.1369489,   1.643387, 0,0,1,"2012-04-05",0.9541174,   3.307466, 7917.6072,17.071598,33.94950,"a_inactive", 4,"dry",679,0,2011,511.0,"(2012.26187006679)",0.87500000,"(0.875)","(2012.25956284153)", 7.071068e-01,-7.071068e-01,5.4977871,5.56760031,5.45578325,-2,"a_inactive",0.22931315,0.03957774,0.22931315,0.15174077,0.3068855
"12",2012-04-05,10454,2012-04-05 14:16:00,"Priya",89.75676,88.77027,113.17568, 81.761610000,30.00000,14, 956.680200,777820.2,7837565,33.949503, 79.7233500, 956.680200, 6,0,1,"2012-04-05",0.9541174, 240.882700, 6951.0069,32.513825,33.94950,"b_active", 4,"dry",679,0,2011,511.0,"(2012.26107316333)",0.58333333,"(0.583333333333333)","(2012.25956284153)",-8.660254e-01,-5.000000e-01,3.6651914,3.73500460,3.61784660,-2,"b_active",0.71124500,0.05153989,0.71124500,0.61022682,0.8122632
"13",2012-04-05,10457,2012-04-05 17:16:00,"Priya",61.52941,59.49020, 75.45098,  7.659157000,29.09804,17, 492.787700,778378.1,7837936,28.644760, 41.0656400, 492.787700, 4,0,1,"2012-04-05",0.9541174, 227.900700, 7960.6547,27.979313,33.94950,"a_inactive", 4,"dry",679,0,2011,511.0,"(2012.26141469338)",0.70833333,"(0.708333333333333)","(2012.25956284153)",-2.588190e-01,-9.659258e-01,4.4505896,4.52040276,4.41537511,-2,"b_active",0.64773341,0.05291767,0.64773341,0.54401479,0.7514520
"14",2012-04-05,10451,2012-04-05 11:16:00,"Priya",62.47917,60.81250, 85.66667,104.078000000,27.89583,11, 614.388800,778454.5,7838199,29.244999, 51.1990700, 614.388800, 9,0,1,"2012-04-05",0.9541174, 772.942000, 5385.7821,25.745128,32.90599,"b_active", 4,"dry",679,0,2011,511.0,"(2012.26073163327)",0.45833333,"(0.458333333333333)","(2012.25956284153)",-9.659258e-01, 2.588190e-01,2.8797933,2.94960644,2.82031808,-2,"b_active",0.77891541,0.03989009,0.77891541,0.70073085,0.8571000
"17",2012-04-06,10470,2012-04-06 06:16:00,"Priya",99.32323,96.23232,143.38384,  4.096778000,NA, 6,1660.621000,778341.2,7838479, 9.233067,138.3851000,1660.621000,12,0,1,"2012-04-06",0.9893321, 168.751300, 9697.2435,15.972397,33.94950,"b_active", 4,"dry",680,0,2011,511.0,"(2012.26289465695)",0.25000000,"(0.25)","(2012.26229508197)", 6.123032e-17, 1.000000e+00,1.5707963,1.64060950,1.49251112,-2,"b_active",0.66577981,0.05027724,0.66577981,0.56723642,0.7643232
"19",2012-04-06,10469,2012-04-06 05:16:00,"Priya",48.10345,40.82759, 43.06897,  0.045600370,NA, 5, 168.751300,778518.8,7837876, 9.245469, 14.0626100, 168.751300, 8,0,1,"2012-04-06",0.9893321,   7.579775, 8036.6225,13.645652,33.94950,"b_active", 4,"dry",680,0,2011,511.0,"(2012.2627808136)",0.20833333,"(0.208333333333333)","(2012.26229508197)", 2.588190e-01, 9.659258e-01,1.3089969,1.37881011,1.23501264,-2,"b_active",0.55429664,0.05680705,0.55429664,0.44295482,0.6656385
"23",2012-04-06,10486,2012-04-06 22:16:00,"Priya",10.00000, 9.50000,  9.10000,  0.867204800,22.25000,22,   6.158304,780650.0,7841091,13.048426,  0.5131920,   6.158304, 0,0,1,"2012-04-06",0.9893321,   7.994696, 4332.3590,16.899098,34.67518,"a_inactive", 4,"dry",680,0,2011,511.0,"(2012.26471615058)",0.91666667,"(0.916666666666667)","(2012.26229508197)", 8.660254e-01,-5.000000e-01,5.7595865,5.82939970,5.71570859,-2,"a_inactive",0.14355869,0.02730660,0.14355869,0.09003776,0.1970796
"31",2012-04-07,10491,2012-04-07 03:16:00,"Priya", 8.30000, 9.05000,  9.05000,  0.768800100,19.25000, 3,   7.889799,780650.1,7841092,12.243681,  0.6574833,   7.889799, 0,0,1,"2012-04-07",0.9985328,   8.457636, 4370.7541, 9.528941,34.67518,"a_inactive", 4,"dry",681,0,2011,511.0,"(2012.26528536733)",0.12500000,"(0.125)","(2012.2650273224)", 7.071068e-01, 7.071068e-01,0.7853982,0.85521133,0.72015907,-2,"a_inactive",0.25192310,0.04199760,0.25192310,0.16960780,0.3342384
"32",2012-04-07,10511,2012-04-07 23:16:00,"Priya", 5.20000, 4.10000,  4.15000,  0.735644700,19.50000,23,   5.624575,780814.1,7841185,15.667872,  0.4687146,   5.624575, 0,0,1,"2012-04-07",0.9985328,   7.090125,  368.2431,12.634612,36.86647,"a_inactive", 4,"dry",681,0,2011,511.0,"(2012.26756223437)",0.95833333,"(0.958333333333333)","(2012.2650273224)", 9.659258e-01,-2.588190e-01,6.0213859,6.09119909,5.97485465,-2,"a_inactive",0.10087228,0.02042490,0.10087228,0.06083948,0.1409051
"34",2012-04-07,10513,2012-04-08 01:16:00,"Priya", 4.80000, 4.05000,  5.00000,  0.743523400,19.75000, 1,   5.381378,780814.6,7841186,15.131261,  0.4484482,   5.381378, 0,0,1,"2012-04-07",0.9985328,   1.695815,  363.5330,12.271359,36.86647,"a_inactive", 4,"dry",681,0,2011,511.0,"(2012.26778992107)",0.04166667,"(0.0416666666666667)","(2012.2650273224)", 9.659258e-01, 2.588190e-01,0.2617994,0.33161256,0.20679169,-2,"a_inactive",0.10286431,0.02079140,0.10286431,0.06211317,0.1436155
"35",2012-04-07,10492,2012-04-07 04:16:00,"Priya", 6.30000, 5.30000,  4.60000,  0.671237600,19.00000, 4,   8.274010,780649.1,7841082,11.756115,  0.6895008,   8.274010, 0,0,1,"2012-04-07",0.9985328,   7.889799, 4379.0281, 9.387205,34.67518,"a_inactive", 4,"dry",681,0,2011,511.0,"(2012.26539921069)",0.16666667,"(0.166666666666667)","(2012.2650273224)", 5.000000e-01, 8.660254e-01,1.0471976,1.11701072,0.97728151,-2,"a_inactive",0.40117499,0.05478031,0.40117499,0.29380558,0.5085444
"39",2012-04-07,10512,2012-04-08 00:16:00,"Priya", 5.90000, 5.50000,  6.20000,  0.744560300,19.00000, 0,   1.695815,780811.9,7841185,15.366601,  0.1413179,   1.695815, 0,0,1,"2012-04-07",0.9985328,   5.624575,  364.9719,12.240358,36.86647,"a_inactive", 4,"dry",681,0,2011,511.0,"(2012.26767607772)",0.00000000,"(0)","(2012.2650273224)", 1.000000e+00, 0.000000e+00,0.0000000,0.06981317,6.23322799,-2,"a_inactive",0.09103993,0.01880313,0.09103993,0.05418579,0.1278941
"46",2012-04-08,10524,2012-04-08 12:16:00,"Priya",12.50000,11.75000, 10.55000,104.210200000,31.00000,12,   4.824522,781273.2,7842109,35.028324,  0.4020435,   4.824522, 0,0,1,"2012-04-08",0.9801699,   3.593336, 1286.7740,36.297317,36.86647,"a_inactive", 4,"dry",682,0,2011,511.0,"(2012.26904219794)",0.50000000,"(0.5)","(2012.26775956284)",-1.000000e+00, 1.224606e-16,3.1415927,3.21140582,3.08963053,-2,"a_inactive",0.75775817,0.04306478,0.75775817,0.67335119,0.8421651
"58",2012-04-08,10514,2012-04-08 02:16:00,"Priya", 5.50000, 3.65000,  3.80000,  0.732948500,20.00000, 2,   7.635424,780819.2,7841191,19.374888,  0.6362854,   7.635424, 0,0,1,"2012-04-08",0.9801699,   5.381378,  360.9081,12.271877,36.86647,"a_inactive", 4,"dry",682,0,2011,511.0,"(2012.26790376442)",0.08333333,"(0.0833333333333333)","(2012.26775956284)", 8.660254e-01, 5.000000e-01,0.5235988,0.59341195,0.46354069,-2,"a_inactive",0.15205022,0.02858431,0.15205022,0.09602497,0.2080755
"12803",2012-11-01,15485,2012-11-01 05:16:00,"Priya",83.51515,71.83333, 78.86364,  2.942199000,22.25758, 5, 440.296500,768963.3,7851140,27.077579, 36.6913800, 440.296500,10,0,1,"2012-11-01",0.9561429, 739.096900, 3501.4894,23.591129,38.24076,"b_active",11,"wet",889,0,2012,  6.5,"(2012.83381906497)",0.20833333,"(0.208333333333333)","(2012.83333333333)", 2.588190e-01, 9.659258e-01,1.3089969,1.37881011,1.43535106,-2,"b_active",0.64500128,0.05197840,0.64500128,0.54312361,0.7468789
"12804",2012-11-01,25623,2012-11-01 03:16:00,"Qamar", 7.80000, 6.30000,  6.20000,  0.507343600,24.00000, 3,   8.383132,770906.5,7838020,27.151921,  0.6985944,   8.383132, 0,0,1,"2012-11-01",0.9561429,   9.293766, 6134.6827,23.667468,37.32888,"a_inactive",11,"wet",889,0,2012,  6.5,"(2012.83359137826)",0.12500000,"(0.125)","(2012.83333333333)", 7.071068e-01, 7.071068e-01,0.7853982,0.85521133,0.87296075,-2,"a_inactive",0.33664944,0.05043347,0.33664944,0.23779984,0.4354990
"12805",2012-11-01,25624,2012-11-01 04:16:00,"Qamar", 5.50000, 5.35000,  4.65000,  0.466383600,23.25000, 4,   4.375680,770909.1,7838023,27.050478,  0.3646400,   4.375680, 0,0,1,"2012-11-01",0.9561429,   8.383132, 6139.0584,23.629298,37.32888,"a_inactive",11,"wet",889,0,2012,  6.5,"(2012.83370522161)",0.16666667,"(0.166666666666667)","(2012.83333333333)", 5.000000e-01, 8.660254e-01,1.0471976,1.11701072,1.15415591,-2,"a_inactive",0.50973492,0.05751624,0.50973492,0.39700308,0.6224668
"12806",2012-11-01,25626,2012-11-01 06:16:00,"Qamar", 8.85000, 6.40000,  6.90000, 20.173000000,22.75000, 6,  18.329330,770893.2,7838034,28.976066,  1.5274440,  18.329330, 0,0,1,"2012-11-01",0.9561429,  14.273880, 6030.0200,23.591129,37.32888,"a_inactive",11,"wet",889,0,2012,  6.5,"(2012.83393290832)",0.25000000,"(0.25)","(2012.83333333333)", 6.123032e-17, 1.000000e+00,1.5707963,1.64060950,1.69773706,-2,"a_inactive",0.72397731,0.04463766,0.72397731,0.63648749,0.8114671
"12808",2012-11-01,25640,2012-11-01 20:16:00,"Qamar", 5.70000, 4.65000,  4.60000,  0.004972172,NA,20,   5.372580,770912.2,7838018,28.946283,  0.4477150,   5.372580, 0,0,1,"2012-11-01",0.9561429,   7.857385, 5111.4487,26.854029,37.75123,"a_inactive",11,"wet",889,0,2012,  6.5,"(2012.83552671524)",0.83333333,"(0.833333333333333)","(2012.83333333333)", 5.000000e-01,-8.660254e-01,5.2359878,5.30580093,5.18777995,-2,"a_inactive",0.36198854,0.05329986,0.36198854,0.25752082,0.4664563
"12809",2012-11-01,15482,2012-11-01 02:16:00,"Priya",45.54839,39.38710, 37.61290,  0.525599400,24.16129, 2,  98.657130,769898.4,7850489,27.028059,  8.2214280,  98.657130, 2,0,1,"2012-11-01",0.9561429, 195.255500, 1913.7107,26.600499,38.24076,"a_inactive",11,"wet",889,0,2012,  6.5,"(2012.83347753491)",0.08333333,"(0.0833333333333333)","(2012.83333333333)", 8.660254e-01, 5.000000e-01,0.5235988,0.59341195,0.59176559,-2,"b_active",0.19486995,0.03475481,0.19486995,0.12675052,0.2629894
"12810",2012-11-01,15497,2012-11-01 17:16:00,"Priya",17.50000,15.05000, 13.90000, 14.974500000,33.00000,17,   5.830975,768288.8,7850896,35.480317,  0.4859145,   5.830975, 0,0,1,"2012-11-01",0.9561429,  21.217260, 4059.5122,33.558768,37.99457,"a_inactive",11,"wet",889,0,2012,  6.5,"(2012.83518518519)",0.70833333,"(0.708333333333333)","(2012.83333333333)",-2.588190e-01,-9.659258e-01,4.4505896,4.52040276,4.39171032,-2,"a_inactive",0.65133877,0.05268905,0.65133877,0.54806822,0.7546093
"12812",2012-11-01,15498,2012-11-01 18:16:00,"Priya",82.85484,68.43548, 54.08064,  0.959693600,30.87097,18,  23.172190,768289.4,7850897,33.786913,  1.9310160,  23.172190, 0,0,1,"2012-11-01",0.9561429,   5.830975, 4082.6844,30.808703,37.99457,"a_inactive",11,"wet",889,0,2012,  6.5,"(2012.83529902854)",0.75000000,"(0.75)","(2012.83333333333)",-1.836910e-16,-1.000000e+00,4.7123890,4.78220215,4.63661698,-2,"b_active",0.60201537,0.05592821,0.60201537,0.49239608,0.7116347
"12816",2012-11-01,25628,2012-11-01 08:16:00,"Qamar",19.57143,13.50000, 16.39286, 73.618000000,26.35714, 8,   7.454423,770897.0,7838029,30.939206,  0.6212019,   7.454423, 0,0,1,"2012-11-01",0.9561429,   7.621271, 6045.0956,31.125760,37.32888,"a_inactive",11,"wet",889,0,2012,  6.5,"(2012.83416059502)",0.33333333,"(0.333333333333333)","(2012.83333333333)",-5.000000e-01, 8.660254e-01,2.0943951,2.16420827,2.18755038,-2,"a_inactive",0.78756531,0.03868080,0.78756531,0.71175095,0.8633797
"12818",2012-11-01,25641,2012-11-01 21:16:00,"Qamar", 7.55000, 4.75000,  6.30000,  0.203026300,NA,21,   4.684721,770914.0,7838021,28.308972,  0.3903934,   4.684721, 0,0,1,"2012-11-01",0.9561429,   5.372580, 5080.8079,25.916505,37.75123,"a_inactive",11,"wet",889,0,2012,  6.5,"(2012.83564055859)",0.87500000,"(0.875)","(2012.83333333333)", 7.071068e-01,-7.071068e-01,5.4977871,5.56760031,5.46897510,-2,"a_inactive",0.22381212,0.03886186,0.22381212,0.14764288,0.2999814
"12819",2012-11-01,25642,2012-11-01 22:16:00,"Qamar",12.35000, 9.95000, 11.50000,  0.373882700,NA,22,   3.730280,770914.7,7838021,27.873326,  0.3108567,   3.730280, 0,0,1,"2012-11-01",0.9561429,   4.684721, 5072.5071,25.326233,37.75123,"a_inactive",11,"wet",889,0,2012,  6.5,"(2012.83575440194)",0.91666667,"(0.916666666666667)","(2012.83333333333)", 8.660254e-01,-5.000000e-01,5.7595865,5.82939970,5.75017026,-2,"a_inactive",0.13565815,0.02606694,0.13565815,0.08456695,0.1867494
"12820",2012-11-01,25643,2012-11-01 23:16:00,"Qamar",12.85000, 9.95000, 12.70000,  0.441800200,NA,23,   5.582311,770911.5,7838018,27.569423,  0.4651926,   5.582311, 0,0,1,"2012-11-01",0.9561429,   3.730280, 4129.6103,24.909735,37.75123,"a_inactive",11,"wet",889,0,2012,  6.5,"(2012.83586824529)",0.95833333,"(0.958333333333333)","(2012.83333333333)", 9.659258e-01,-2.588190e-01,6.0213859,6.09119909,6.03136542,-2,"a_inactive",0.09613563,0.01963740,0.09613563,0.05764633,0.1346249
"12821",2012-11-01,25639,2012-11-01 19:16:00,"Qamar", 6.75000, 5.75000,  5.40000,  0.000221452,30.80000,19,   7.857385,770908.2,7838015,29.893119,  0.6547821,   7.857385, 0,0,1,"2012-11-01",0.9561429,  20.549250, 5119.2538,29.436423,37.75123,"a_inactive",11,"wet",889,0,2012,  6.5,"(2012.83541287189)",0.79166667,"(0.791666666666667)","(2012.83333333333)", 2.588190e-01,-9.659258e-01,4.9741884,5.04400154,4.90658479,-2,"a_inactive",0.50703696,0.05891341,0.50703696,0.39156668,0.6225072
"12822",2012-11-01,25645,2012-11-02 01:16:00,"Qamar", 6.60000, 4.70000,  5.15000,  0.485512500,NA, 1,   5.717754,770911.4,7838018,27.067874,  0.4764795,   5.717754, 0,0,1,"2012-11-01",0.9561429,   5.403579,  144.5467,25.306977,37.75123,"a_inactive",11,"wet",889,0,2012,  6.5,"(2012.836095932)",0.04166667,"(0.0416666666666667)","(2012.83333333333)", 9.659258e-01, 2.588190e-01,0.2617994,0.33161256,0.31109330,-2,"a_inactive",0.11769981,0.02321848,0.11769981,0.07219158,0.1632080
"12825",2012-11-01, 4768,2012-11-01 07:16:00,"Fredericks",45.47826,41.82609, 44.93478, 44.903120000,24.30435, 7, 336.548600,765685.5,7852648,29.765513, 28.0457100, 336.548600, 5,0,1,"2012-11-01",0.9561429, 397.198700, 3446.9733,27.582964,38.68982,"a_inactive",11,"wet",889,0,2012,  6.5,"(2012.83404675167)",0.29166667,"(0.291666666666667)","(2012.83333333333)",-2.588190e-01, 9.659258e-01,1.8325957,1.90240888,1.94264372,-2,"b_active",0.76636873,0.04033470,0.76636873,0.68731272,0.8454248
"12828",2012-11-01,15494,2012-11-01 14:16:00,"Priya",10.15000, 7.35000,  8.50000, 93.286920000,35.00000,14,  10.539620,768279.2,7850896,37.994570,  0.8783021,  10.539620, 0,0,1,"2012-11-01",0.9561429,  61.627960, 4010.8519,38.240760,37.99457,"a_inactive",11,"wet",889,0,2012,  6.5,"(2012.83484365513)",0.58333333,"(0.583333333333333)","(2012.83333333333)",-8.660254e-01,-5.000000e-01,3.6651914,3.73500460,3.65699034,-2,"a_inactive",0.70856933,0.05182950,0.70856933,0.60698351,0.8101551
"12831",2012-11-01, 4785,2012-11-02 00:16:00,"Fredericks",81.00000,72.16667, 84.57407,  0.472781500,NA, 0, 661.768200,764872.8,7851824,27.321412, 55.1473500, 661.768200,11,0,1,"2012-11-01",0.9561429,1053.510000, 4637.8235,24.604639,35.48032,"b_active",11,"wet",889,0,2012,  6.5,"(2012.83598208865)",0.00000000,"(0)","(2012.83333333333)", 1.000000e+00, 0.000000e+00,0.0000000,0.06981317,0.02948679,-2,"b_active",0.09103993,0.01880313,0.09103993,0.05418579,0.1278941
"12839",2012-11-02,25653,2012-11-02 09:16:00,"Qamar", 4.85000, 4.35000,  5.15000, 97.307520000,24.50000, 9,   4.308191,773657.9,7832785,31.486964,  0.3590159,   4.308191, 0,0,1,"2012-11-02",0.9099313,   4.924527, 6167.4268,30.939206,37.75123,"a_inactive",11,"wet",890,0,2012,  6.5,"(2012.83700667881)",0.37500000,"(0.375)","(2012.83606557377)",-7.071068e-01, 7.071068e-01,2.3561945,2.42600766,2.43341762,-2,"a_inactive",0.79327875,0.03852971,0.79327875,0.71776051,0.8687970
"12847",2012-11-02, 4801,2012-11-02 16:16:00,"Fredericks",74.31250,73.35417, 89.83333, 39.351140000,32.00000,16, 527.801000,764608.0,7852334,35.760588, 43.9834100, 527.801000, 6,0,1,"2012-11-02",0.9099313,  12.660240,12433.2721,35.480317,37.62070,"b_active",11,"wet",890,0,2012,  6.5,"(2012.83780358227)",0.66666667,"(0.666666666666667)","(2012.83606557377)",-5.000000e-01,-8.660254e-01,4.1887902,4.25860337,4.14558594,-2,"b_active",0.67856866,0.05164189,0.67856866,0.57735057,0.7797868
"12887",2012-11-03, 4821,2012-11-03 12:16:00,"Fredericks", 6.55000, 6.40000,  6.95000,119.352900000,30.00000,12,   8.836275,764136.9,7852967,38.515944,  0.7363562,   8.836275, 0,0,1,"2012-11-03",0.8489550,  22.225600, 3677.6402,36.687284,38.51594,"a_inactive",11,"wet",891,0,2012,  6.5,"(2012.8400804493)",0.50000000,"(0.5)","(2012.83879781421)",-1.000000e+00, 1.224606e-16,3.1415927,3.21140582,3.16717552,-2,"a_inactive",0.75073089,0.04435274,0.75073089,0.66379952,0.8376623
"12892",2012-11-03,15538,2012-11-03 10:16:00,"Priya",28.72414,30.37931, 33.79310,114.071400000,27.86207,10, 123.534100,766580.3,7850723,34.111894, 10.2945100, 123.534100, 1,0,1,"2012-11-03",0.8489550,  47.795940, 2356.5478,35.548436,35.54844,"a_inactive",11,"wet",891,0,2012,  6.5,"(2012.8398527626)",0.41666667,"(0.416666666666667)","(2012.83879781421)",-8.660254e-01, 5.000000e-01,2.6179939,2.68780705,2.67859960,-2,"b_active",0.78688279,0.03906618,0.78688279,0.71031308,0.8634525
"12899",2012-11-03, 4820,2012-11-03 11:16:00,"Fredericks",13.41667,11.58333, 14.00000,120.280900000,29.66667,11,  22.225600,764127.7,7852969,36.646880,  1.8521330,  22.225600, 0,0,1,"2012-11-03",0.8489550,   4.313546, 5048.4649,35.327612,37.62070,"a_inactive",11,"wet",891,0,2012,  6.5,"(2012.83996660595)",0.45833333,"(0.458333333333333)","(2012.83879781421)",-9.659258e-01, 2.588190e-01,2.8797933,2.94960644,2.92288756,-2,"b_active",0.77162928,0.04083746,0.77162928,0.69158787,0.8516707
"12920",2012-11-03, 7660,2012-11-03 15:16:00,"Lea",63.47436,55.87179, 49.25641, 68.226550000,31.94872,15,  30.659700,760423.9,7863172,39.133057,  2.5549750,  30.659700, 0,0,1,"2012-11-03",0.8489550, 298.566600,13968.3219,36.781080,39.54849,"a_inactive",11,"wet",891,0,2012,  6.5,"(2012.84042197936)",0.62500000,"(0.625)","(2012.83879781421)",-7.071068e-01,-7.071068e-01,3.9269908,3.99680399,3.90003939,-2,"b_active",0.69450356,0.05212867,0.69450356,0.59233137,0.7966758
"12927",2012-11-03, 4822,2012-11-03 13:16:00,"Fredericks", 7.45000, 8.05000,  8.20000,110.430700000,30.75000,13,  21.890670,764154.4,7852968,39.387740,  1.8242220,  21.890670, 0,0,1,"2012-11-03",0.8489550,   8.836275, 3200.5468,37.377670,39.38774,"a_inactive",11,"wet",891,0,2012,  6.5,"(2012.84019429265)",0.54166667,"(0.541666666666667)","(2012.83879781421)",-9.659258e-01,-2.588190e-01,3.4033920,3.47320521,3.41146348,-2,"b_active",0.72810262,0.04876652,0.72810262,0.63252025,0.8236850
"20374",2012-04-05,10459,2012-04-05 19:16:00,"Priya",14.30000,10.05000, 10.75000,  0.618320000,24.50000,19,  13.091580,778540.3,7837843,19.311296,  1.0909650,  13.091580, 0,0,1,"2012-04-05",0.9541174, 499.272500, 7955.6841,20.901655,33.94950,"a_inactive", 4,"dry",679,0,2011,511.0,"(2012.26164238009)",0.79166667,"(0.791666666666667)","(2012.25956284153)", 2.588190e-01,-9.659258e-01,4.9741884,5.04400154,4.94002906, 0,"a_inactive",0.61633244,0.04741855,0.61633244,0.52339208,0.7092728
"20375",2012-04-05,10460,2012-04-05 20:16:00,"Priya", 5.60000, 4.60000,  5.05000,  0.680873100,23.25000,20,   3.307466,778544.6,7837846,17.834956,  0.2756222,   3.307466, 0,0,1,"2012-04-05",0.9541174,  13.091580, 7918.9669,18.090799,33.94950,"a_inactive", 4,"dry",679,0,2011,511.0,"(2012.26175622344)",0.83333333,"(0.833333333333333)","(2012.25956284153)", 5.000000e-01,-8.660254e-01,5.2359878,5.30580093,5.19790615, 0,"a_inactive",0.50849055,0.04980597,0.50849055,0.41087085,0.6061103
"20376",2012-04-05,10449,2012-04-05 09:16:00,"Priya",54.11111,53.04444, 67.57778, 78.427090000,24.55556, 9, 305.444600,779218.2,7837975,22.172687, 25.4537200, 305.444600, 5,0,1,"2012-04-05",0.9541174, 344.739300, 4039.0390,22.825292,32.90599,"a_inactive", 4,"dry",679,0,2011,511.0,"(2012.26050394657)",0.37500000,"(0.375)","(2012.25956284153)",-7.071068e-01, 7.071068e-01,2.3561945,2.42600766,2.28863241, 0,"b_active",0.68348828,0.04331678,0.68348828,0.59858740,0.7683892
"20377",2012-04-05,10447,2012-04-05 07:16:00,"Priya",70.03636,66.05455, 91.74546, 21.549370000,16.12727, 7, 501.330100,779519.0,7838426,18.299142, 41.7775100, 501.330100,12,0,1,"2012-04-05",0.9541174,1540.572000, 3395.6494,20.166951,32.90599,"b_active", 4,"dry",679,0,2011,511.0,"(2012.26027625987)",0.29166667,"(0.291666666666667)","(2012.25956284153)",-2.588190e-01, 9.659258e-01,1.8325957,1.90240888,1.75694673, 0,"b_active",0.75018337,0.03714463,0.75018337,0.67737991,0.8229868
"20378",2012-04-05,10456,2012-04-05 16:16:00,"Priya",43.84848,39.72727, 58.03030, 41.851590000,30.00000,16, 227.900700,778286.2,7837961,31.243567, 18.9917200, 227.900700, 1,0,1,"2012-04-05",0.9541174, 977.646500, 7728.4208,30.217385,33.94950,"a_inactive", 4,"dry",679,0,2011,511.0,"(2012.26130085003)",0.66666667,"(0.666666666666667)","(2012.25956284153)",-5.000000e-01,-8.660254e-01,4.1887902,4.25860337,4.14953227, 0,"b_active",0.57909258,0.04873948,0.57909258,0.48356320,0.6746220
"20379",2012-04-05,10455,2012-04-05 15:16:00,"Priya",79.23529,76.30882,107.41177, 60.249260000,30.00000,15, 977.646500,777441.4,7837788,33.103907, 81.4705400, 977.646500,12,0,1,"2012-04-05",0.9541174, 956.680200, 7512.7408,31.809119,33.94950,"b_active", 4,"dry",679,0,2011,511.0,"(2012.26118700668)",0.62500000,"(0.625)","(2012.25956284153)",-7.071068e-01,-7.071068e-01,3.9269908,3.99680399,3.88368944, 0,"b_active",0.51479707,0.05042283,0.51479707,0.41596833,0.6136258
"20380",2012-04-05,10458,2012-04-05 18:16:00,"Priya",86.71014,85.59420,108.07246,  0.742331900,27.13043,18, 499.272500,778506.0,7837747,25.687499, 41.6060400, 499.272500, 6,0,1,"2012-04-05",0.9541174, 492.787700, 8453.8322,24.297879,33.94950,"b_active", 4,"dry",679,0,2011,511.0,"(2012.26152853673)",0.75000000,"(0.75)","(2012.25956284153)",-1.836910e-16,-1.000000e+00,4.7123890,4.78220215,4.68121795, 0,"b_active",0.65333032,0.04532367,0.65333032,0.56449593,0.7421647
"20381",2012-04-05,10453,2012-04-05 13:16:00,"Priya",46.15217,45.04348, 55.10870, 99.674810000,29.89130,13, 240.882700,778026.1,7837649,33.694530, 20.0735600, 240.882700, 6,0,1,"2012-04-05",0.9541174, 367.661900, 5994.3267,32.905990,33.69453,"b_active", 4,"dry",679,0,2011,511.0,"(2012.26095931998)",0.54166667,"(0.541666666666667)","(2012.25956284153)",-9.659258e-01,-2.588190e-01,3.4033920,3.47320521,3.35200376, 0,"b_active",0.46657079,0.05014647,0.46657079,0.36828370,0.5648579
"20382",2012-04-05,10450,2012-04-05 10:16:00,"Priya",82.28814,81.27119,115.10170, 96.058290000,26.86441,10, 772.942000,778910.8,7838071,25.665371, 64.4118300, 772.942000,12,0,1,"2012-04-05",0.9541174, 305.444600, 4777.4086,24.154463,32.90599,"b_active", 4,"dry",679,0,2011,511.0,"(2012.26061778992)",0.41666667,"(0.416666666666667)","(2012.25956284153)",-8.660254e-01, 5.000000e-01,2.6179939,2.68780705,2.55447525, 0,"b_active",0.62162499,0.04711421,0.62162499,0.52928113,0.7139688
"20383",2012-04-05,10448,2012-04-05 08:16:00,"Priya",52.22222,47.35556, 60.46667, 48.457700000,18.77778, 8, 344.739300,779306.9,7838071,19.713144, 28.7282800, 344.739300, 2,0,1,"2012-04-05",0.9541174, 501.330100, 3740.3887,21.365375,32.90599,"a_inactive", 4,"dry",679,0,2011,511.0,"(2012.26039010322)",0.33333333,"(0.333333333333333)","(2012.25956284153)",-5.000000e-01, 8.660254e-01,2.0943951,2.16420827,2.02278957, 0,"b_active",0.72905651,0.03928983,0.72905651,0.65204844,0.8060646
"20384",2012-04-05,10461,2012-04-05 21:16:00,"Priya",24.44444,19.77778, 22.70370,  0.714041200,22.18519,21,   1.643387,778545.4,7837846,16.899098,  0.1369489,   1.643387, 0,0,1,"2012-04-05",0.9541174,   3.307466, 7917.6072,17.071598,33.94950,"a_inactive", 4,"dry",679,0,2011,511.0,"(2012.26187006679)",0.87500000,"(0.875)","(2012.25956284153)", 7.071068e-01,-7.071068e-01,5.4977871,5.56760031,5.45578325, 0,"a_inactive",0.36335457,0.04575091,0.36335457,0.27368277,0.4530264
"20385",2012-04-05,10454,2012-04-05 14:16:00,"Priya",89.75676,88.77027,113.17568, 81.761610000,30.00000,14, 956.680200,777820.2,7837565,33.949503, 79.7233500, 956.680200, 6,0,1,"2012-04-05",0.9541174, 240.882700, 6951.0069,32.513825,33.94950,"b_active", 4,"dry",679,0,2011,511.0,"(2012.26107316333)",0.58333333,"(0.583333333333333)","(2012.25956284153)",-8.660254e-01,-5.000000e-01,3.6651914,3.73500460,3.61784660, 0,"b_active",0.47000557,0.05054260,0.47000557,0.37094207,0.5690691
"20386",2012-04-05,10457,2012-04-05 17:16:00,"Priya",61.52941,59.49020, 75.45098,  7.659157000,29.09804,17, 492.787700,778378.1,7837936,28.644760, 41.0656400, 492.787700, 4,0,1,"2012-04-05",0.9541174, 227.900700, 7960.6547,27.979313,33.94950,"a_inactive", 4,"dry",679,0,2011,511.0,"(2012.26141469338)",0.70833333,"(0.708333333333333)","(2012.25956284153)",-2.588190e-01,-9.659258e-01,4.4505896,4.52040276,4.41537511, 0,"b_active",0.63361708,0.04627040,0.63361708,0.54292710,0.7243071
"20387",2012-04-05,10451,2012-04-05 11:16:00,"Priya",62.47917,60.81250, 85.66667,104.078000000,27.89583,11, 614.388800,778454.5,7838199,29.244999, 51.1990700, 614.388800, 9,0,1,"2012-04-05",0.9541174, 772.942000, 5385.7821,25.745128,32.90599,"b_active", 4,"dry",679,0,2011,511.0,"(2012.26073163327)",0.45833333,"(0.458333333333333)","(2012.25956284153)",-9.659258e-01, 2.588190e-01,2.8797933,2.94960644,2.82031808, 0,"b_active",0.55539442,0.04923518,0.55539442,0.45889347,0.6518954
"20390",2012-04-06,10470,2012-04-06 06:16:00,"Priya",99.32323,96.23232,143.38384,  4.096778000,NA, 6,1660.621000,778341.2,7838479, 9.233067,138.3851000,1660.621000,12,0,1,"2012-04-06",0.9893321, 168.751300, 9697.2435,15.972397,33.94950,"b_active", 4,"dry",680,0,2011,511.0,"(2012.26289465695)",0.25000000,"(0.25)","(2012.26229508197)", 6.123032e-17, 1.000000e+00,1.5707963,1.64060950,1.49251112, 0,"b_active",0.73942206,0.03832505,0.73942206,0.66430496,0.8145392
"20392",2012-04-06,10469,2012-04-06 05:16:00,"Priya",48.10345,40.82759, 43.06897,  0.045600370,NA, 5, 168.751300,778518.8,7837876, 9.245469, 14.0626100, 168.751300, 8,0,1,"2012-04-06",0.9893321,   7.579775, 8036.6225,13.645652,33.94950,"b_active", 4,"dry",680,0,2011,511.0,"(2012.2627808136)",0.20833333,"(0.208333333333333)","(2012.26229508197)", 2.588190e-01, 9.659258e-01,1.3089969,1.37881011,1.23501264, 0,"b_active",0.68469089,0.04314216,0.68469089,0.60013227,0.7692495
"20396",2012-04-06,10486,2012-04-06 22:16:00,"Priya",10.00000, 9.50000,  9.10000,  0.867204800,22.25000,22,   6.158304,780650.0,7841091,13.048426,  0.5131920,   6.158304, 0,0,1,"2012-04-06",0.9893321,   7.994696, 4332.3590,16.899098,34.67518,"a_inactive", 4,"dry",680,0,2011,511.0,"(2012.26471615058)",0.91666667,"(0.916666666666667)","(2012.26229508197)", 8.660254e-01,-5.000000e-01,5.7595865,5.82939970,5.71570859, 0,"a_inactive",0.23849437,0.03587413,0.23849437,0.16818107,0.3088077
"20404",2012-04-07,10491,2012-04-07 03:16:00,"Priya", 8.30000, 9.05000,  9.05000,  0.768800100,19.25000, 3,   7.889799,780650.1,7841092,12.243681,  0.6574833,   7.889799, 0,0,1,"2012-04-07",0.9985328,   8.457636, 4370.7541, 9.528941,34.67518,"a_inactive", 4,"dry",681,0,2011,511.0,"(2012.26528536733)",0.12500000,"(0.125)","(2012.2650273224)", 7.071068e-01, 7.071068e-01,0.7853982,0.85521133,0.72015907, 0,"a_inactive",0.39651250,0.04740747,0.39651250,0.30359386,0.4894311
"20405",2012-04-07,10511,2012-04-07 23:16:00,"Priya", 5.20000, 4.10000,  4.15000,  0.735644700,19.50000,23,   5.624575,780814.1,7841185,15.667872,  0.4687146,   5.624575, 0,0,1,"2012-04-07",0.9985328,   7.090125,  368.2431,12.634612,36.86647,"a_inactive", 4,"dry",681,0,2011,511.0,"(2012.26756223437)",0.95833333,"(0.958333333333333)","(2012.2650273224)", 9.659258e-01,-2.588190e-01,6.0213859,6.09119909,5.97485465, 0,"a_inactive",0.16746685,0.02767698,0.16746685,0.11321996,0.2217137
"20407",2012-04-07,10513,2012-04-08 01:16:00,"Priya", 4.80000, 4.05000,  5.00000,  0.743523400,19.75000, 1,   5.381378,780814.6,7841186,15.131261,  0.4484482,   5.381378, 0,0,1,"2012-04-07",0.9985328,   1.695815,  363.5330,12.271359,36.86647,"a_inactive", 4,"dry",681,0,2011,511.0,"(2012.26778992107)",0.04166667,"(0.0416666666666667)","(2012.2650273224)", 9.659258e-01, 2.588190e-01,0.2617994,0.33161256,0.20679169, 0,"a_inactive",0.17029689,0.02808682,0.17029689,0.11524672,0.2253471
"20408",2012-04-07,10492,2012-04-07 04:16:00,"Priya", 6.30000, 5.30000,  4.60000,  0.671237600,19.00000, 4,   8.274010,780649.1,7841082,11.756115,  0.6895008,   8.274010, 0,0,1,"2012-04-07",0.9985328,   7.889799, 4379.0281, 9.387205,34.67518,"a_inactive", 4,"dry",681,0,2011,511.0,"(2012.26539921069)",0.16666667,"(0.166666666666667)","(2012.2650273224)", 5.000000e-01, 8.660254e-01,1.0471976,1.11701072,0.97728151, 0,"a_inactive",0.56398609,0.04901671,0.56398609,0.46791334,0.6600588
"20412",2012-04-07,10512,2012-04-08 00:16:00,"Priya", 5.90000, 5.50000,  6.20000,  0.744560300,19.00000, 0,   1.695815,780811.9,7841185,15.366601,  0.1413179,   1.695815, 0,0,1,"2012-04-07",0.9985328,   5.624575,  364.9719,12.240358,36.86647,"a_inactive", 4,"dry",681,0,2011,511.0,"(2012.26767607772)",0.00000000,"(0)","(2012.2650273224)", 1.000000e+00, 0.000000e+00,0.0000000,0.06981317,6.23322799, 0,"a_inactive",0.14993605,0.02538753,0.14993605,0.10017650,0.1996956
"20419",2012-04-08,10524,2012-04-08 12:16:00,"Priya",12.50000,11.75000, 10.55000,104.210200000,31.00000,12,   4.824522,781273.2,7842109,35.028324,  0.4020435,   4.824522, 0,0,1,"2012-04-08",0.9801699,   3.593336, 1286.7740,36.297317,36.86647,"a_inactive", 4,"dry",682,0,2011,511.0,"(2012.26904219794)",0.50000000,"(0.5)","(2012.26775956284)",-1.000000e+00, 1.224606e-16,3.1415927,3.21140582,3.08963053, 0,"a_inactive",0.49847644,0.04991476,0.49847644,0.40064350,0.5963094
"20431",2012-04-08,10514,2012-04-08 02:16:00,"Priya", 5.50000, 3.65000,  3.80000,  0.732948500,20.00000, 2,   7.635424,780819.2,7841191,19.374888,  0.6362854,   7.635424, 0,0,1,"2012-04-08",0.9801699,   5.381378,  360.9081,12.271877,36.86647,"a_inactive", 4,"dry",682,0,2011,511.0,"(2012.26790376442)",0.08333333,"(0.0833333333333333)","(2012.26775956284)", 8.660254e-01, 5.000000e-01,0.5235988,0.59341195,0.46354069, 0,"a_inactive",0.25180256,0.03728536,0.25180256,0.17872326,0.3248819
"33176",2012-11-01,15485,2012-11-01 05:16:00,"Priya",83.51515,71.83333, 78.86364,  2.942199000,22.25758, 5, 440.296500,768963.3,7851140,27.077579, 36.6913800, 440.296500,10,0,1,"2012-11-01",0.9561429, 739.096900, 3501.4894,23.591129,38.24076,"b_active",11,"wet",889,0,2012,  6.5,"(2012.83381906497)",0.20833333,"(0.208333333333333)","(2012.83333333333)", 2.588190e-01, 9.659258e-01,1.3089969,1.37881011,1.43535106, 0,"b_active",0.73175306,0.03909327,0.73175306,0.65513025,0.8083759
"33177",2012-11-01,25623,2012-11-01 03:16:00,"Qamar", 7.80000, 6.30000,  6.20000,  0.507343600,24.00000, 3,   8.383132,770906.5,7838020,27.151921,  0.6985944,   8.383132, 0,0,1,"2012-11-01",0.9561429,   9.293766, 6134.6827,23.667468,37.32888,"a_inactive",11,"wet",889,0,2012,  6.5,"(2012.83359137826)",0.12500000,"(0.125)","(2012.83333333333)", 7.071068e-01, 7.071068e-01,0.7853982,0.85521133,0.87296075, 0,"a_inactive",0.49811524,0.04970092,0.49811524,0.40070143,0.5955291
"33178",2012-11-01,25624,2012-11-01 04:16:00,"Qamar", 5.50000, 5.35000,  4.65000,  0.466383600,23.25000, 4,   4.375680,770909.1,7838023,27.050478,  0.3646400,   4.375680, 0,0,1,"2012-11-01",0.9561429,   8.383132, 6139.0584,23.629298,37.32888,"a_inactive",11,"wet",889,0,2012,  6.5,"(2012.83370522161)",0.16666667,"(0.166666666666667)","(2012.83333333333)", 5.000000e-01, 8.660254e-01,1.0471976,1.11701072,1.15415591, 0,"a_inactive",0.65471395,0.04518298,0.65471395,0.56615531,0.7432726
"33179",2012-11-01,25626,2012-11-01 06:16:00,"Qamar", 8.85000, 6.40000,  6.90000, 20.173000000,22.75000, 6,  18.329330,770893.2,7838034,28.976066,  1.5274440,  18.329330, 0,0,1,"2012-11-01",0.9561429,  14.273880, 6030.0200,23.591129,37.32888,"a_inactive",11,"wet",889,0,2012,  6.5,"(2012.83393290832)",0.25000000,"(0.25)","(2012.83333333333)", 6.123032e-17, 1.000000e+00,1.5707963,1.64060950,1.69773706, 0,"a_inactive",0.75087329,0.03708539,0.75087329,0.67818592,0.8235607
"33181",2012-11-01,25640,2012-11-01 20:16:00,"Qamar", 5.70000, 4.65000,  4.60000,  0.004972172,NA,20,   5.372580,770912.2,7838018,28.946283,  0.4477150,   5.372580, 0,0,1,"2012-11-01",0.9561429,   7.857385, 5111.4487,26.854029,37.75123,"a_inactive",11,"wet",889,0,2012,  6.5,"(2012.83552671524)",0.83333333,"(0.833333333333333)","(2012.83333333333)", 5.000000e-01,-8.660254e-01,5.2359878,5.30580093,5.18777995, 0,"a_inactive",0.51378871,0.04979916,0.51378871,0.41618236,0.6113951
"33182",2012-11-01,15482,2012-11-01 02:16:00,"Priya",45.54839,39.38710, 37.61290,  0.525599400,24.16129, 2,  98.657130,769898.4,7850489,27.028059,  8.2214280,  98.657130, 2,0,1,"2012-11-01",0.9561429, 195.255500, 1913.7107,26.600499,38.24076,"a_inactive",11,"wet",889,0,2012,  6.5,"(2012.83347753491)",0.08333333,"(0.0833333333333333)","(2012.83333333333)", 8.660254e-01, 5.000000e-01,0.5235988,0.59341195,0.59176559, 0,"b_active",0.31732212,0.04285616,0.31732212,0.23332404,0.4013202
"33183",2012-11-01,15497,2012-11-01 17:16:00,"Priya",17.50000,15.05000, 13.90000, 14.974500000,33.00000,17,   5.830975,768288.8,7850896,35.480317,  0.4859145,   5.830975, 0,0,1,"2012-11-01",0.9561429,  21.217260, 4059.5122,33.558768,37.99457,"a_inactive",11,"wet",889,0,2012,  6.5,"(2012.83518518519)",0.70833333,"(0.708333333333333)","(2012.83333333333)",-2.588190e-01,-9.659258e-01,4.4505896,4.52040276,4.39171032, 0,"a_inactive",0.62984492,0.04646486,0.62984492,0.53877380,0.7209160
"33185",2012-11-01,15498,2012-11-01 18:16:00,"Priya",82.85484,68.43548, 54.08064,  0.959693600,30.87097,18,  23.172190,768289.4,7850897,33.786913,  1.9310160,  23.172190, 0,0,1,"2012-11-01",0.9561429,   5.830975, 4082.6844,30.808703,37.99457,"a_inactive",11,"wet",889,0,2012,  6.5,"(2012.83529902854)",0.75000000,"(0.75)","(2012.83333333333)",-1.836910e-16,-1.000000e+00,4.7123890,4.78220215,4.63661698, 0,"b_active",0.65340014,0.04528043,0.65340014,0.56465050,0.7421498
"33189",2012-11-01,25628,2012-11-01 08:16:00,"Qamar",19.57143,13.50000, 16.39286, 73.618000000,26.35714, 8,   7.454423,770897.0,7838029,30.939206,  0.6212019,   7.454423, 0,0,1,"2012-11-01",0.9561429,   7.621271, 6045.0956,31.125760,37.32888,"a_inactive",11,"wet",889,0,2012,  6.5,"(2012.83416059502)",0.33333333,"(0.333333333333333)","(2012.83333333333)",-5.000000e-01, 8.660254e-01,2.0943951,2.16420827,2.18755038, 0,"a_inactive",0.70325830,0.04169005,0.70325830,0.62154580,0.7849708
"33191",2012-11-01,25641,2012-11-01 21:16:00,"Qamar", 7.55000, 4.75000,  6.30000,  0.203026300,NA,21,   4.684721,770914.0,7838021,28.308972,  0.3903934,   4.684721, 0,0,1,"2012-11-01",0.9561429,   5.372580, 5080.8079,25.916505,37.75123,"a_inactive",11,"wet",889,0,2012,  6.5,"(2012.83564055859)",0.87500000,"(0.875)","(2012.83333333333)", 7.071068e-01,-7.071068e-01,5.4977871,5.56760031,5.46897510, 0,"a_inactive",0.35603959,0.04533334,0.35603959,0.26718624,0.4448929
"33192",2012-11-01,25642,2012-11-01 22:16:00,"Qamar",12.35000, 9.95000, 11.50000,  0.373882700,NA,22,   3.730280,770914.7,7838021,27.873326,  0.3108567,   3.730280, 0,0,1,"2012-11-01",0.9561429,   4.684721, 5072.5071,25.326233,37.75123,"a_inactive",11,"wet",889,0,2012,  6.5,"(2012.83575440194)",0.91666667,"(0.916666666666667)","(2012.83333333333)", 8.660254e-01,-5.000000e-01,5.7595865,5.82939970,5.75017026, 0,"a_inactive",0.22579843,0.03454510,0.22579843,0.15809002,0.2935068
"33193",2012-11-01,25643,2012-11-01 23:16:00,"Qamar",12.85000, 9.95000, 12.70000,  0.441800200,NA,23,   5.582311,770911.5,7838018,27.569423,  0.4651926,   5.582311, 0,0,1,"2012-11-01",0.9561429,   3.730280, 4129.6103,24.909735,37.75123,"a_inactive",11,"wet",889,0,2012,  6.5,"(2012.83586824529)",0.95833333,"(0.958333333333333)","(2012.83333333333)", 9.659258e-01,-2.588190e-01,6.0213859,6.09119909,6.03136542, 0,"a_inactive",0.15919121,0.02660295,0.15919121,0.10704942,0.2113330
"33194",2012-11-01,25639,2012-11-01 19:16:00,"Qamar", 6.75000, 5.75000,  5.40000,  0.000221452,30.80000,19,   7.857385,770908.2,7838015,29.893119,  0.6547821,   7.857385, 0,0,1,"2012-11-01",0.9561429,  20.549250, 5119.2538,29.436423,37.75123,"a_inactive",11,"wet",889,0,2012,  6.5,"(2012.83541287189)",0.79166667,"(0.791666666666667)","(2012.83333333333)", 2.588190e-01,-9.659258e-01,4.9741884,5.04400154,4.90658479, 0,"a_inactive",0.62521594,0.04699849,0.62521594,0.53309891,0.7173330
"33195",2012-11-01,25645,2012-11-02 01:16:00,"Qamar", 6.60000, 4.70000,  5.15000,  0.485512500,NA, 1,   5.717754,770911.4,7838018,27.067874,  0.4764795,   5.717754, 0,0,1,"2012-11-01",0.9561429,   5.403579,  144.5467,25.306977,37.75123,"a_inactive",11,"wet",889,0,2012,  6.5,"(2012.836095932)",0.04166667,"(0.0416666666666667)","(2012.83333333333)", 9.659258e-01, 2.588190e-01,0.2617994,0.33161256,0.31109330, 0,"a_inactive",0.19552885,0.03120383,0.19552885,0.13436935,0.2566884
"33198",2012-11-01, 4768,2012-11-01 07:16:00,"Fredericks",45.47826,41.82609, 44.93478, 44.903120000,24.30435, 7, 336.548600,765685.5,7852648,29.765513, 28.0457100, 336.548600, 5,0,1,"2012-11-01",0.9561429, 397.198700, 3446.9733,27.582964,38.68982,"a_inactive",11,"wet",889,0,2012,  6.5,"(2012.83404675167)",0.29166667,"(0.291666666666667)","(2012.83333333333)",-2.588190e-01, 9.659258e-01,1.8325957,1.90240888,1.94264372, 0,"b_active",0.73829752,0.03836291,0.73829752,0.66310621,0.8134888
"33201",2012-11-01,15494,2012-11-01 14:16:00,"Priya",10.15000, 7.35000,  8.50000, 93.286920000,35.00000,14,  10.539620,768279.2,7850896,37.994570,  0.8783021,  10.539620, 0,0,1,"2012-11-01",0.9561429,  61.627960, 4010.8519,38.240760,37.99457,"a_inactive",11,"wet",889,0,2012,  6.5,"(2012.83484365513)",0.58333333,"(0.583333333333333)","(2012.83333333333)",-8.660254e-01,-5.000000e-01,3.6651914,3.73500460,3.65699034, 0,"a_inactive",0.47424761,0.05059111,0.47424761,0.37508904,0.5734062
"33204",2012-11-01, 4785,2012-11-02 00:16:00,"Fredericks",81.00000,72.16667, 84.57407,  0.472781500,NA, 0, 661.768200,764872.8,7851824,27.321412, 55.1473500, 661.768200,11,0,1,"2012-11-01",0.9561429,1053.510000, 4637.8235,24.604639,35.48032,"b_active",11,"wet",889,0,2012,  6.5,"(2012.83598208865)",0.00000000,"(0)","(2012.83333333333)", 1.000000e+00, 0.000000e+00,0.0000000,0.06981317,0.02948679, 0,"b_active",0.14993605,0.02538753,0.14993605,0.10017650,0.1996956
"33212",2012-11-02,25653,2012-11-02 09:16:00,"Qamar", 4.85000, 4.35000,  5.15000, 97.307520000,24.50000, 9,   4.308191,773657.9,7832785,31.486964,  0.3590159,   4.308191, 0,0,1,"2012-11-02",0.9099313,   4.924527, 6167.4268,30.939206,37.75123,"a_inactive",11,"wet",890,0,2012,  6.5,"(2012.83700667881)",0.37500000,"(0.375)","(2012.83606557377)",-7.071068e-01, 7.071068e-01,2.3561945,2.42600766,2.43341762, 0,"a_inactive",0.65112611,0.04554924,0.65112611,0.56184959,0.7404026
"33220",2012-11-02, 4801,2012-11-02 16:16:00,"Fredericks",74.31250,73.35417, 89.83333, 39.351140000,32.00000,16, 527.801000,764608.0,7852334,35.760588, 43.9834100, 527.801000, 6,0,1,"2012-11-02",0.9099313,  12.660240,12433.2721,35.480317,37.62070,"b_active",11,"wet",890,0,2012,  6.5,"(2012.83780358227)",0.66666667,"(0.666666666666667)","(2012.83606557377)",-5.000000e-01,-8.660254e-01,4.1887902,4.25860337,4.14558594, 0,"b_active",0.57814027,0.04877492,0.57814027,0.48254142,0.6737391
"33260",2012-11-03, 4821,2012-11-03 12:16:00,"Fredericks", 6.55000, 6.40000,  6.95000,119.352900000,30.00000,12,   8.836275,764136.9,7852967,38.515944,  0.7363562,   8.836275, 0,0,1,"2012-11-03",0.8489550,  22.225600, 3677.6402,36.687284,38.51594,"a_inactive",11,"wet",891,0,2012,  6.5,"(2012.8400804493)",0.50000000,"(0.5)","(2012.83879781421)",-1.000000e+00, 1.224606e-16,3.1415927,3.21140582,3.16717552, 0,"a_inactive",0.48606809,0.04998414,0.48606809,0.38809917,0.5840370
"33265",2012-11-03,15538,2012-11-03 10:16:00,"Priya",28.72414,30.37931, 33.79310,114.071400000,27.86207,10, 123.534100,766580.3,7850723,34.111894, 10.2945100, 123.534100, 1,0,1,"2012-11-03",0.8489550,  47.795940, 2356.5478,35.548436,35.54844,"a_inactive",11,"wet",891,0,2012,  6.5,"(2012.8398527626)",0.41666667,"(0.416666666666667)","(2012.83879781421)",-8.660254e-01, 5.000000e-01,2.6179939,2.68780705,2.67859960, 0,"b_active",0.59040714,0.04833087,0.59040714,0.49567864,0.6851356
"33272",2012-11-03, 4820,2012-11-03 11:16:00,"Fredericks",13.41667,11.58333, 14.00000,120.280900000,29.66667,11,  22.225600,764127.7,7852969,36.646880,  1.8521330,  22.225600, 0,0,1,"2012-11-03",0.8489550,   4.313546, 5048.4649,35.327612,37.62070,"a_inactive",11,"wet",891,0,2012,  6.5,"(2012.83996660595)",0.45833333,"(0.458333333333333)","(2012.83879781421)",-9.659258e-01, 2.588190e-01,2.8797933,2.94960644,2.92288756, 0,"b_active",0.53169101,0.04961645,0.53169101,0.43444278,0.6289392
"33293",2012-11-03, 7660,2012-11-03 15:16:00,"Lea",63.47436,55.87179, 49.25641, 68.226550000,31.94872,15,  30.659700,760423.9,7863172,39.133057,  2.5549750,  30.659700, 0,0,1,"2012-11-03",0.8489550, 298.566600,13968.3219,36.781080,39.54849,"a_inactive",11,"wet",891,0,2012,  6.5,"(2012.84042197936)",0.62500000,"(0.625)","(2012.83879781421)",-7.071068e-01,-7.071068e-01,3.9269908,3.99680399,3.90003939, 0,"b_active",0.51849230,0.05036824,0.51849230,0.41977055,0.6172140
"33300",2012-11-03, 4822,2012-11-03 13:16:00,"Fredericks", 7.45000, 8.05000,  8.20000,110.430700000,30.75000,13,  21.890670,764154.4,7852968,39.387740,  1.8242220,  21.890670, 0,0,1,"2012-11-03",0.8489550,   8.836275, 3200.5468,37.377670,39.38774,"a_inactive",11,"wet",891,0,2012,  6.5,"(2012.84019429265)",0.54166667,"(0.541666666666667)","(2012.83879781421)",-9.659258e-01,-2.588190e-01,3.4033920,3.47320521,3.41146348, 0,"b_active",0.46380324,0.05022102,0.46380324,0.36537005,0.5622364
"40747",2012-04-05,10459,2012-04-05 19:16:00,"Priya",14.30000,10.05000, 10.75000,  0.618320000,24.50000,19,  13.091580,778540.3,7837843,19.311296,  1.0909650,  13.091580, 0,0,1,"2012-04-05",0.9541174, 499.272500, 7955.6841,20.901655,33.94950,"a_inactive", 4,"dry",679,0,2011,511.0,"(2012.26164238009)",0.79166667,"(0.791666666666667)","(2012.25956284153)", 2.588190e-01,-9.659258e-01,4.9741884,5.04400154,4.94002906, 2,"a_inactive",0.72738291,0.04664921,0.72738291,0.63595047,0.8188154
"40748",2012-04-05,10460,2012-04-05 20:16:00,"Priya", 5.60000, 4.60000,  5.05000,  0.680873100,23.25000,20,   3.307466,778544.6,7837846,17.834956,  0.2756222,   3.307466, 0,0,1,"2012-04-05",0.9541174,  13.091580, 7918.9669,18.090799,33.94950,"a_inactive", 4,"dry",679,0,2011,511.0,"(2012.26175622344)",0.83333333,"(0.833333333333333)","(2012.25956284153)", 5.000000e-01,-8.660254e-01,5.2359878,5.30580093,5.19790615, 2,"a_inactive",0.65892980,0.05177798,0.65892980,0.55744496,0.7604146
"40749",2012-04-05,10449,2012-04-05 09:16:00,"Priya",54.11111,53.04444, 67.57778, 78.427090000,24.55556, 9, 305.444600,779218.2,7837975,22.172687, 25.4537200, 305.444600, 5,0,1,"2012-04-05",0.9541174, 344.739300, 4039.0390,22.825292,32.90599,"a_inactive", 4,"dry",679,0,2011,511.0,"(2012.26050394657)",0.37500000,"(0.375)","(2012.25956284153)",-7.071068e-01, 7.071068e-01,2.3561945,2.42600766,2.28863241, 2,"b_active",0.55113436,0.05726244,0.55113436,0.43889998,0.6633687
"40750",2012-04-05,10447,2012-04-05 07:16:00,"Priya",70.03636,66.05455, 91.74546, 21.549370000,16.12727, 7, 501.330100,779519.0,7838426,18.299142, 41.7775100, 501.330100,12,0,1,"2012-04-05",0.9541174,1540.572000, 3395.6494,20.166951,32.90599,"b_active", 4,"dry",679,0,2011,511.0,"(2012.26027625987)",0.29166667,"(0.291666666666667)","(2012.25956284153)",-2.588190e-01, 9.659258e-01,1.8325957,1.90240888,1.75694673, 2,"b_active",0.76329625,0.04028984,0.76329625,0.68432816,0.8422643
"40751",2012-04-05,10456,2012-04-05 16:16:00,"Priya",43.84848,39.72727, 58.03030, 41.851590000,30.00000,16, 227.900700,778286.2,7837961,31.243567, 18.9917200, 227.900700, 1,0,1,"2012-04-05",0.9541174, 977.646500, 7728.4208,30.217385,33.94950,"a_inactive", 4,"dry",679,0,2011,511.0,"(2012.26130085003)",0.66666667,"(0.666666666666667)","(2012.25956284153)",-5.000000e-01,-8.660254e-01,4.1887902,4.25860337,4.14953227, 2,"b_active",0.47311750,0.05691690,0.47311750,0.36156038,0.5846746
"40752",2012-04-05,10455,2012-04-05 15:16:00,"Priya",79.23529,76.30882,107.41177, 60.249260000,30.00000,15, 977.646500,777441.4,7837788,33.103907, 81.4705400, 977.646500,12,0,1,"2012-04-05",0.9541174, 956.680200, 7512.7408,31.809119,33.94950,"b_active", 4,"dry",679,0,2011,511.0,"(2012.26118700668)",0.62500000,"(0.625)","(2012.25956284153)",-7.071068e-01,-7.071068e-01,3.9269908,3.99680399,3.88368944, 2,"b_active",0.33023947,0.05191823,0.33023947,0.22847973,0.4319992
"40753",2012-04-05,10458,2012-04-05 18:16:00,"Priya",86.71014,85.59420,108.07246,  0.742331900,27.13043,18, 499.272500,778506.0,7837747,25.687499, 41.6060400, 499.272500, 6,0,1,"2012-04-05",0.9541174, 492.787700, 8453.8322,24.297879,33.94950,"b_active", 4,"dry",679,0,2011,511.0,"(2012.26152853673)",0.75000000,"(0.75)","(2012.25956284153)",-1.836910e-16,-1.000000e+00,4.7123890,4.78220215,4.68121795, 2,"b_active",0.71194283,0.04767857,0.71194283,0.61849283,0.8053928
"40754",2012-04-05,10453,2012-04-05 13:16:00,"Priya",46.15217,45.04348, 55.10870, 99.674810000,29.89130,13, 240.882700,778026.1,7837649,33.694530, 20.0735600, 240.882700, 6,0,1,"2012-04-05",0.9541174, 367.661900, 5994.3267,32.905990,33.69453,"b_active", 4,"dry",679,0,2011,511.0,"(2012.26095931998)",0.54166667,"(0.541666666666667)","(2012.25956284153)",-9.659258e-01,-2.588190e-01,3.4033920,3.47320521,3.35200376, 2,"b_active",0.21748349,0.03978111,0.21748349,0.13951252,0.2954545
"40755",2012-04-05,10450,2012-04-05 10:16:00,"Priya",82.28814,81.27119,115.10170, 96.058290000,26.86441,10, 772.942000,778910.8,7838071,25.665371, 64.4118300, 772.942000,12,0,1,"2012-04-05",0.9541174, 305.444600, 4777.4086,24.154463,32.90599,"b_active", 4,"dry",679,0,2011,511.0,"(2012.26061778992)",0.41666667,"(0.416666666666667)","(2012.25956284153)",-8.660254e-01, 5.000000e-01,2.6179939,2.68780705,2.55447525, 2,"b_active",0.41564286,0.05633775,0.41564286,0.30522087,0.5260648
"40756",2012-04-05,10448,2012-04-05 08:16:00,"Priya",52.22222,47.35556, 60.46667, 48.457700000,18.77778, 8, 344.739300,779306.9,7838071,19.713144, 28.7282800, 344.739300, 2,0,1,"2012-04-05",0.9541174, 501.330100, 3740.3887,21.365375,32.90599,"a_inactive", 4,"dry",679,0,2011,511.0,"(2012.26039010322)",0.33333333,"(0.333333333333333)","(2012.25956284153)",-5.000000e-01, 8.660254e-01,2.0943951,2.16420827,2.02278957, 2,"b_active",0.67726154,0.04935171,0.67726154,0.58053218,0.7739909
"40757",2012-04-05,10461,2012-04-05 21:16:00,"Priya",24.44444,19.77778, 22.70370,  0.714041200,22.18519,21,   1.643387,778545.4,7837846,16.899098,  0.1369489,   1.643387, 0,0,1,"2012-04-05",0.9541174,   3.307466, 7917.6072,17.071598,33.94950,"a_inactive", 4,"dry",679,0,2011,511.0,"(2012.26187006679)",0.87500000,"(0.875)","(2012.25956284153)", 7.071068e-01,-7.071068e-01,5.4977871,5.56760031,5.45578325, 2,"a_inactive",0.52261608,0.05572004,0.52261608,0.41340480,0.6318274
"40758",2012-04-05,10454,2012-04-05 14:16:00,"Priya",89.75676,88.77027,113.17568, 81.761610000,30.00000,14, 956.680200,777820.2,7837565,33.949503, 79.7233500, 956.680200, 6,0,1,"2012-04-05",0.9541174, 240.882700, 6951.0069,32.513825,33.94950,"b_active", 4,"dry",679,0,2011,511.0,"(2012.26107316333)",0.58333333,"(0.583333333333333)","(2012.25956284153)",-8.660254e-01,-5.000000e-01,3.6651914,3.73500460,3.61784660, 2,"b_active",0.24201162,0.04376073,0.24201162,0.15624059,0.3277827
"40759",2012-04-05,10457,2012-04-05 17:16:00,"Priya",61.52941,59.49020, 75.45098,  7.659157000,29.09804,17, 492.787700,778378.1,7837936,28.644760, 41.0656400, 492.787700, 4,0,1,"2012-04-05",0.9541174, 227.900700, 7960.6547,27.979313,33.94950,"a_inactive", 4,"dry",679,0,2011,511.0,"(2012.26141469338)",0.70833333,"(0.708333333333333)","(2012.25956284153)",-2.588190e-01,-9.659258e-01,4.4505896,4.52040276,4.41537511, 2,"b_active",0.61926756,0.05364278,0.61926756,0.51412772,0.7244074
"40760",2012-04-05,10451,2012-04-05 11:16:00,"Priya",62.47917,60.81250, 85.66667,104.078000000,27.89583,11, 614.388800,778454.5,7838199,29.244999, 51.1990700, 614.388800, 9,0,1,"2012-04-05",0.9541174, 772.942000, 5385.7821,25.745128,32.90599,"b_active", 4,"dry",679,0,2011,511.0,"(2012.26073163327)",0.45833333,"(0.458333333333333)","(2012.25956284153)",-9.659258e-01, 2.588190e-01,2.8797933,2.94960644,2.82031808, 2,"b_active",0.30695897,0.04845297,0.30695897,0.21199115,0.4019268
"40763",2012-04-06,10470,2012-04-06 06:16:00,"Priya",99.32323,96.23232,143.38384,  4.096778000,NA, 6,1660.621000,778341.2,7838479, 9.233067,138.3851000,1660.621000,12,0,1,"2012-04-06",0.9893321, 168.751300, 9697.2435,15.972397,33.94950,"b_active", 4,"dry",680,0,2011,511.0,"(2012.26289465695)",0.25000000,"(0.25)","(2012.26229508197)", 6.123032e-17, 1.000000e+00,1.5707963,1.64060950,1.49251112, 2,"b_active",0.80167160,0.03599081,0.80167160,0.73112962,0.8722136
"40765",2012-04-06,10469,2012-04-06 05:16:00,"Priya",48.10345,40.82759, 43.06897,  0.045600370,NA, 5, 168.751300,778518.8,7837876, 9.245469, 14.0626100, 168.751300, 8,0,1,"2012-04-06",0.9893321,   7.579775, 8036.6225,13.645652,33.94950,"b_active", 4,"dry",680,0,2011,511.0,"(2012.2627808136)",0.20833333,"(0.208333333333333)","(2012.26229508197)", 2.588190e-01, 9.659258e-01,1.3089969,1.37881011,1.23501264, 2,"b_active",0.79130039,0.03806170,0.79130039,0.71669946,0.8659013
"40769",2012-04-06,10486,2012-04-06 22:16:00,"Priya",10.00000, 9.50000,  9.10000,  0.867204800,22.25000,22,   6.158304,780650.0,7841091,13.048426,  0.5131920,   6.158304, 0,0,1,"2012-04-06",0.9893321,   7.994696, 4332.3590,16.899098,34.67518,"a_inactive", 4,"dry",680,0,2011,511.0,"(2012.26471615058)",0.91666667,"(0.916666666666667)","(2012.26229508197)", 8.660254e-01,-5.000000e-01,5.7595865,5.82939970,5.71570859, 2,"a_inactive",0.36915074,0.05136686,0.36915074,0.26847169,0.4698298
"40777",2012-04-07,10491,2012-04-07 03:16:00,"Priya", 8.30000, 9.05000,  9.05000,  0.768800100,19.25000, 3,   7.889799,780650.1,7841092,12.243681,  0.6574833,   7.889799, 0,0,1,"2012-04-07",0.9985328,   8.457636, 4370.7541, 9.528941,34.67518,"a_inactive", 4,"dry",681,0,2011,511.0,"(2012.26528536733)",0.12500000,"(0.125)","(2012.2650273224)", 7.071068e-01, 7.071068e-01,0.7853982,0.85521133,0.72015907, 2,"a_inactive",0.56176944,0.05465065,0.56176944,0.45465416,0.6688847
"40778",2012-04-07,10511,2012-04-07 23:16:00,"Priya", 5.20000, 4.10000,  4.15000,  0.735644700,19.50000,23,   5.624575,780814.1,7841185,15.667872,  0.4687146,   5.624575, 0,0,1,"2012-04-07",0.9985328,   7.090125,  368.2431,12.634612,36.86647,"a_inactive", 4,"dry",681,0,2011,511.0,"(2012.26756223437)",0.95833333,"(0.958333333333333)","(2012.2650273224)", 9.659258e-01,-2.588190e-01,6.0213859,6.09119909,5.97485465, 2,"a_inactive",0.26506533,0.04339279,0.26506533,0.18001545,0.3501152
"40780",2012-04-07,10513,2012-04-08 01:16:00,"Priya", 4.80000, 4.05000,  5.00000,  0.743523400,19.75000, 1,   5.381378,780814.6,7841186,15.131261,  0.4484482,   5.381378, 0,0,1,"2012-04-07",0.9985328,   1.695815,  363.5330,12.271359,36.86647,"a_inactive", 4,"dry",681,0,2011,511.0,"(2012.26778992107)",0.04166667,"(0.0416666666666667)","(2012.2650273224)", 9.659258e-01, 2.588190e-01,0.2617994,0.33161256,0.20679169, 2,"a_inactive",0.26869516,0.04372729,0.26869516,0.18298966,0.3544007
"40781",2012-04-07,10492,2012-04-07 04:16:00,"Priya", 6.30000, 5.30000,  4.60000,  0.671237600,19.00000, 4,   8.274010,780649.1,7841082,11.756115,  0.6895008,   8.274010, 0,0,1,"2012-04-07",0.9985328,   7.889799, 4379.0281, 9.387205,34.67518,"a_inactive", 4,"dry",681,0,2011,511.0,"(2012.26539921069)",0.16666667,"(0.166666666666667)","(2012.2650273224)", 5.000000e-01, 8.660254e-01,1.0471976,1.11701072,0.97728151, 2,"a_inactive",0.71407993,0.04657153,0.71407993,0.62279974,0.8053601
"40785",2012-04-07,10512,2012-04-08 00:16:00,"Priya", 5.90000, 5.50000,  6.20000,  0.744560300,19.00000, 0,   1.695815,780811.9,7841185,15.366601,  0.1413179,   1.695815, 0,0,1,"2012-04-07",0.9985328,   5.624575,  364.9719,12.240358,36.86647,"a_inactive", 4,"dry",681,0,2011,511.0,"(2012.26767607772)",0.00000000,"(0)","(2012.2650273224)", 1.000000e+00, 0.000000e+00,0.0000000,0.06981317,6.23322799, 2,"a_inactive",0.23699918,0.04056221,0.23699918,0.15749725,0.3165011
"40792",2012-04-08,10524,2012-04-08 12:16:00,"Priya",12.50000,11.75000, 10.55000,104.210200000,31.00000,12,   4.824522,781273.2,7842109,35.028324,  0.4020435,   4.824522, 0,0,1,"2012-04-08",0.9801699,   3.593336, 1286.7740,36.297317,36.86647,"a_inactive", 4,"dry",682,0,2011,511.0,"(2012.26904219794)",0.50000000,"(0.5)","(2012.26775956284)",-1.000000e+00, 1.224606e-16,3.1415927,3.21140582,3.08963053, 2,"a_inactive",0.24001153,0.04153601,0.24001153,0.15860096,0.3214221
"40804",2012-04-08,10514,2012-04-08 02:16:00,"Priya", 5.50000, 3.65000,  3.80000,  0.732948500,20.00000, 2,   7.635424,780819.2,7841191,19.374888,  0.6362854,   7.635424, 0,0,1,"2012-04-08",0.9801699,   5.381378,  360.9081,12.271877,36.86647,"a_inactive", 4,"dry",682,0,2011,511.0,"(2012.26790376442)",0.08333333,"(0.0833333333333333)","(2012.26775956284)", 8.660254e-01, 5.000000e-01,0.5235988,0.59341195,0.46354069, 2,"a_inactive",0.38712042,0.05213397,0.38712042,0.28493782,0.4893030
"53549",2012-11-01,15485,2012-11-01 05:16:00,"Priya",83.51515,71.83333, 78.86364,  2.942199000,22.25758, 5, 440.296500,768963.3,7851140,27.077579, 36.6913800, 440.296500,10,0,1,"2012-11-01",0.9561429, 739.096900, 3501.4894,23.591129,38.24076,"b_active",11,"wet",889,0,2012,  6.5,"(2012.83381906497)",0.20833333,"(0.208333333333333)","(2012.83333333333)", 2.588190e-01, 9.659258e-01,1.3089969,1.37881011,1.43535106, 2,"b_active",0.80375525,0.03588446,0.80375525,0.73342171,0.8740888
"53550",2012-11-01,25623,2012-11-01 03:16:00,"Qamar", 7.80000, 6.30000,  6.20000,  0.507343600,24.00000, 3,   8.383132,770906.5,7838020,27.151921,  0.6985944,   8.383132, 0,0,1,"2012-11-01",0.9561429,   9.293766, 6134.6827,23.667468,37.32888,"a_inactive",11,"wet",889,0,2012,  6.5,"(2012.83359137826)",0.12500000,"(0.125)","(2012.83333333333)", 7.071068e-01, 7.071068e-01,0.7853982,0.85521133,0.87296075, 2,"a_inactive",0.65997511,0.05062185,0.65997511,0.56075629,0.7591939
"53551",2012-11-01,25624,2012-11-01 04:16:00,"Qamar", 5.50000, 5.35000,  4.65000,  0.466383600,23.25000, 4,   4.375680,770909.1,7838023,27.050478,  0.3646400,   4.375680, 0,0,1,"2012-11-01",0.9561429,   8.383132, 6139.0584,23.629298,37.32888,"a_inactive",11,"wet",889,0,2012,  6.5,"(2012.83370522161)",0.16666667,"(0.166666666666667)","(2012.83333333333)", 5.000000e-01, 8.660254e-01,1.0471976,1.11701072,1.15415591, 2,"a_inactive",0.77568685,0.04012402,0.77568685,0.69704377,0.8543299
"53552",2012-11-01,25626,2012-11-01 06:16:00,"Qamar", 8.85000, 6.40000,  6.90000, 20.173000000,22.75000, 6,  18.329330,770893.2,7838034,28.976066,  1.5274440,  18.329330, 0,0,1,"2012-11-01",0.9561429,  14.273880, 6030.0200,23.591129,37.32888,"a_inactive",11,"wet",889,0,2012,  6.5,"(2012.83393290832)",0.25000000,"(0.25)","(2012.83333333333)", 6.123032e-17, 1.000000e+00,1.5707963,1.64060950,1.69773706, 2,"a_inactive",0.77595951,0.03881721,0.77595951,0.69987777,0.8520412
"53554",2012-11-01,25640,2012-11-01 20:16:00,"Qamar", 5.70000, 4.65000,  4.60000,  0.004972172,NA,20,   5.372580,770912.2,7838018,28.946283,  0.4477150,   5.372580, 0,0,1,"2012-11-01",0.9561429,   7.857385, 5111.4487,26.854029,37.75123,"a_inactive",11,"wet",889,0,2012,  6.5,"(2012.83552671524)",0.83333333,"(0.833333333333333)","(2012.83333333333)", 5.000000e-01,-8.660254e-01,5.2359878,5.30580093,5.18777995, 2,"a_inactive",0.66308696,0.05153306,0.66308696,0.56208216,0.7640918
"53555",2012-11-01,15482,2012-11-01 02:16:00,"Priya",45.54839,39.38710, 37.61290,  0.525599400,24.16129, 2,  98.657130,769898.4,7850489,27.028059,  8.2214280,  98.657130, 2,0,1,"2012-11-01",0.9561429, 195.255500, 1913.7107,26.600499,38.24076,"a_inactive",11,"wet",889,0,2012,  6.5,"(2012.83347753491)",0.08333333,"(0.0833333333333333)","(2012.83333333333)", 8.660254e-01, 5.000000e-01,0.5235988,0.59341195,0.59176559, 2,"b_active",0.47164545,0.05484714,0.47164545,0.36414505,0.5791458
"53556",2012-11-01,15497,2012-11-01 17:16:00,"Priya",17.50000,15.05000, 13.90000, 14.974500000,33.00000,17,   5.830975,768288.8,7850896,35.480317,  0.4859145,   5.830975, 0,0,1,"2012-11-01",0.9561429,  21.217260, 4059.5122,33.558768,37.99457,"a_inactive",11,"wet",889,0,2012,  6.5,"(2012.83518518519)",0.70833333,"(0.708333333333333)","(2012.83333333333)",-2.588190e-01,-9.659258e-01,4.4505896,4.52040276,4.39171032, 2,"a_inactive",0.60782386,0.05417881,0.60782386,0.50163340,0.7140143
"53558",2012-11-01,15498,2012-11-01 18:16:00,"Priya",82.85484,68.43548, 54.08064,  0.959693600,30.87097,18,  23.172190,768289.4,7850897,33.786913,  1.9310160,  23.172190, 0,0,1,"2012-11-01",0.9561429,   5.830975, 4082.6844,30.808703,37.99457,"a_inactive",11,"wet",889,0,2012,  6.5,"(2012.83529902854)",0.75000000,"(0.75)","(2012.83333333333)",-1.836910e-16,-1.000000e+00,4.7123890,4.78220215,4.63661698, 2,"b_active",0.70144073,0.04848825,0.70144073,0.60640376,0.7964777
"53562",2012-11-01,25628,2012-11-01 08:16:00,"Qamar",19.57143,13.50000, 16.39286, 73.618000000,26.35714, 8,   7.454423,770897.0,7838029,30.939206,  0.6212019,   7.454423, 0,0,1,"2012-11-01",0.9561429,   7.621271, 6045.0956,31.125760,37.32888,"a_inactive",11,"wet",889,0,2012,  6.5,"(2012.83416059502)",0.33333333,"(0.333333333333333)","(2012.83333333333)",-5.000000e-01, 8.660254e-01,2.0943951,2.16420827,2.18755038, 2,"a_inactive",0.60238501,0.05496644,0.60238501,0.49465079,0.7101192
"53564",2012-11-01,25641,2012-11-01 21:16:00,"Qamar", 7.55000, 4.75000,  6.30000,  0.203026300,NA,21,   4.684721,770914.0,7838021,28.308972,  0.3903934,   4.684721, 0,0,1,"2012-11-01",0.9561429,   5.372580, 5080.8079,25.916505,37.75123,"a_inactive",11,"wet",889,0,2012,  6.5,"(2012.83564055859)",0.87500000,"(0.875)","(2012.83333333333)", 7.071068e-01,-7.071068e-01,5.4977871,5.56760031,5.46897510, 2,"a_inactive",0.51459510,0.05571637,0.51459510,0.40539101,0.6237992
"53565",2012-11-01,25642,2012-11-01 22:16:00,"Qamar",12.35000, 9.95000, 11.50000,  0.373882700,NA,22,   3.730280,770914.7,7838021,27.873326,  0.3108567,   3.730280, 0,0,1,"2012-11-01",0.9561429,   4.684721, 5072.5071,25.326233,37.75123,"a_inactive",11,"wet",889,0,2012,  6.5,"(2012.83575440194)",0.91666667,"(0.916666666666667)","(2012.83333333333)", 8.660254e-01,-5.000000e-01,5.7595865,5.82939970,5.75017026, 2,"a_inactive",0.35147796,0.05029629,0.35147796,0.25289723,0.4500587
"53566",2012-11-01,25643,2012-11-01 23:16:00,"Qamar",12.85000, 9.95000, 12.70000,  0.441800200,NA,23,   5.582311,770911.5,7838018,27.569423,  0.4651926,   5.582311, 0,0,1,"2012-11-01",0.9561429,   3.730280, 4129.6103,24.909735,37.75123,"a_inactive",11,"wet",889,0,2012,  6.5,"(2012.83586824529)",0.95833333,"(0.958333333333333)","(2012.83333333333)", 9.659258e-01,-2.588190e-01,6.0213859,6.09119909,6.03136542, 2,"a_inactive",0.25207102,0.04211542,0.25207102,0.16952481,0.3346172
"53567",2012-11-01,25639,2012-11-01 19:16:00,"Qamar", 6.75000, 5.75000,  5.40000,  0.000221452,30.80000,19,   7.857385,770908.2,7838015,29.893119,  0.6547821,   7.857385, 0,0,1,"2012-11-01",0.9561429,  20.549250, 5119.2538,29.436423,37.75123,"a_inactive",11,"wet",889,0,2012,  6.5,"(2012.83541287189)",0.79166667,"(0.791666666666667)","(2012.83333333333)", 2.588190e-01,-9.659258e-01,4.9741884,5.04400154,4.90658479, 2,"a_inactive",0.73014226,0.04636812,0.73014226,0.63926074,0.8210238
"53568",2012-11-01,25645,2012-11-02 01:16:00,"Qamar", 6.60000, 4.70000,  5.15000,  0.485512500,NA, 1,   5.717754,770911.4,7838018,27.067874,  0.4764795,   5.717754, 0,0,1,"2012-11-01",0.9561429,   5.403579,  144.5467,25.306977,37.75123,"a_inactive",11,"wet",889,0,2012,  6.5,"(2012.836095932)",0.04166667,"(0.0416666666666667)","(2012.83333333333)", 9.659258e-01, 2.588190e-01,0.2617994,0.33161256,0.31109330, 2,"a_inactive",0.30691979,0.04702678,0.30691979,0.21474730,0.3990923
"53571",2012-11-01, 4768,2012-11-01 07:16:00,"Fredericks",45.47826,41.82609, 44.93478, 44.903120000,24.30435, 7, 336.548600,765685.5,7852648,29.765513, 28.0457100, 336.548600, 5,0,1,"2012-11-01",0.9561429, 397.198700, 3446.9733,27.582964,38.68982,"a_inactive",11,"wet",889,0,2012,  6.5,"(2012.83404675167)",0.29166667,"(0.291666666666667)","(2012.83333333333)",-2.588190e-01, 9.659258e-01,1.8325957,1.90240888,1.94264372, 2,"b_active",0.70813798,0.04636215,0.70813798,0.61726816,0.7990078
"53574",2012-11-01,15494,2012-11-01 14:16:00,"Priya",10.15000, 7.35000,  8.50000, 93.286920000,35.00000,14,  10.539620,768279.2,7850896,37.994570,  0.8783021,  10.539620, 0,0,1,"2012-11-01",0.9561429,  61.627960, 4010.8519,38.240760,37.99457,"a_inactive",11,"wet",889,0,2012,  6.5,"(2012.83484365513)",0.58333333,"(0.583333333333333)","(2012.83333333333)",-8.660254e-01,-5.000000e-01,3.6651914,3.73500460,3.65699034, 2,"a_inactive",0.25074417,0.04481277,0.25074417,0.16291114,0.3385772
"53577",2012-11-01, 4785,2012-11-02 00:16:00,"Fredericks",81.00000,72.16667, 84.57407,  0.472781500,NA, 0, 661.768200,764872.8,7851824,27.321412, 55.1473500, 661.768200,11,0,1,"2012-11-01",0.9561429,1053.510000, 4637.8235,24.604639,35.48032,"b_active",11,"wet",889,0,2012,  6.5,"(2012.83598208865)",0.00000000,"(0)","(2012.83333333333)", 1.000000e+00, 0.000000e+00,0.0000000,0.06981317,0.02948679, 2,"b_active",0.23699918,0.04056221,0.23699918,0.15749725,0.3165011
"53585",2012-11-02,25653,2012-11-02 09:16:00,"Qamar", 4.85000, 4.35000,  5.15000, 97.307520000,24.50000, 9,   4.308191,773657.9,7832785,31.486964,  0.3590159,   4.308191, 0,0,1,"2012-11-02",0.9099313,   4.924527, 6167.4268,30.939206,37.75123,"a_inactive",11,"wet",890,0,2012,  6.5,"(2012.83700667881)",0.37500000,"(0.375)","(2012.83606557377)",-7.071068e-01, 7.071068e-01,2.3561945,2.42600766,2.43341762, 2,"a_inactive",0.47581445,0.05805330,0.47581445,0.36202998,0.5895989
"53593",2012-11-02, 4801,2012-11-02 16:16:00,"Fredericks",74.31250,73.35417, 89.83333, 39.351140000,32.00000,16, 527.801000,764608.0,7852334,35.760588, 43.9834100, 527.801000, 6,0,1,"2012-11-02",0.9099313,  12.660240,12433.2721,35.480317,37.62070,"b_active",11,"wet",890,0,2012,  6.5,"(2012.83780358227)",0.66666667,"(0.666666666666667)","(2012.83606557377)",-5.000000e-01,-8.660254e-01,4.1887902,4.25860337,4.14558594, 2,"b_active",0.47080464,0.05690406,0.47080464,0.35927269,0.5823366
"53633",2012-11-03, 4821,2012-11-03 12:16:00,"Fredericks", 6.55000, 6.40000,  6.95000,119.352900000,30.00000,12,   8.836275,764136.9,7852967,38.515944,  0.7363562,   8.836275, 0,0,1,"2012-11-03",0.8489550,  22.225600, 3677.6402,36.687284,38.51594,"a_inactive",11,"wet",891,0,2012,  6.5,"(2012.8400804493)",0.50000000,"(0.5)","(2012.83879781421)",-1.000000e+00, 1.224606e-16,3.1415927,3.21140582,3.16717552, 2,"a_inactive",0.22899436,0.04044193,0.22899436,0.14972818,0.3082605
"53638",2012-11-03,15538,2012-11-03 10:16:00,"Priya",28.72414,30.37931, 33.79310,114.071400000,27.86207,10, 123.534100,766580.3,7850723,34.111894, 10.2945100, 123.534100, 1,0,1,"2012-11-03",0.8489550,  47.795940, 2356.5478,35.548436,35.54844,"a_inactive",11,"wet",891,0,2012,  6.5,"(2012.8398527626)",0.41666667,"(0.416666666666667)","(2012.83879781421)",-8.660254e-01, 5.000000e-01,2.6179939,2.68780705,2.67859960, 2,"b_active",0.36009783,0.05300061,0.36009783,0.25621664,0.4639790
"53645",2012-11-03, 4820,2012-11-03 11:16:00,"Fredericks",13.41667,11.58333, 14.00000,120.280900000,29.66667,11,  22.225600,764127.7,7852969,36.646880,  1.8521330,  22.225600, 0,0,1,"2012-11-03",0.8489550,   4.313546, 5048.4649,35.327612,37.62070,"a_inactive",11,"wet",891,0,2012,  6.5,"(2012.83996660595)",0.45833333,"(0.458333333333333)","(2012.83879781421)",-9.659258e-01, 2.588190e-01,2.8797933,2.94960644,2.92288756, 2,"b_active",0.27614489,0.04535239,0.27614489,0.18725421,0.3650356
"53666",2012-11-03, 7660,2012-11-03 15:16:00,"Lea",63.47436,55.87179, 49.25641, 68.226550000,31.94872,15,  30.659700,760423.9,7863172,39.133057,  2.5549750,  30.659700, 0,0,1,"2012-11-03",0.8489550, 298.566600,13968.3219,36.781080,39.54849,"a_inactive",11,"wet",891,0,2012,  6.5,"(2012.84042197936)",0.62500000,"(0.625)","(2012.83879781421)",-7.071068e-01,-7.071068e-01,3.9269908,3.99680399,3.90003939, 2,"b_active",0.33776876,0.05241042,0.33776876,0.23504434,0.4404932
"53673",2012-11-03, 4822,2012-11-03 13:16:00,"Fredericks", 7.45000, 8.05000,  8.20000,110.430700000,30.75000,13,  21.890670,764154.4,7852968,39.387740,  1.8242220,  21.890670, 0,0,1,"2012-11-03",0.8489550,   8.836275, 3200.5468,37.377670,39.38774,"a_inactive",11,"wet",891,0,2012,  6.5,"(2012.84019429265)",0.54166667,"(0.541666666666667)","(2012.83879781421)",-9.659258e-01,-2.588190e-01,3.4033920,3.47320521,3.41146348, 2,"b_active",0.21838567,0.04016717,0.21838567,0.13965802,0.2971133
